Designator,Footprint,Quantity,Value,LCSC Part #
C1,0805,1,4.7uF,C19666
C2,0805,1,4.7uF,C19666
C3,0805,1,10pF,C1634
C4,0805,1,10pF,C1634
C5,0805,1,1nF,C1588
"D1, D10, D11, D12, D13, D14, D15, D16, D17, D18, D19, D2, D20, D21, D22, D23, D24, D25, D26, D27, D28, D29, D3, D30, D31, D32, D33, D34, D35, D36, D37, D38, D39, D4, D40, D41, D42, D43, D44, D46, D5, D6, D7, D8, D9",D_SOD-123,45,1N5819,
D45,0805,1,BLUE,
D47,0805,1,RED,
F1,1206,1,500mA,C883122
"H1, H2, H3, H4, H5, H6, H7, H8",Hole_Mount_M4,8,Hole_Mount_M4,
J1,Battery_Connector_V2,1,BATT,
J2,Programmer_Conn,1,SWD,
J3,USB-C-C168688,1,USB_C_Receptacle_USB2.0,
J4,Battery_Connector_TH,1,BATT_TH,
Q1,SOT-23,1,AO3407,
R1,0805,1,5.1K,
R2,0805,1,5.1K,
R3,0805,1,1K,
R4,0805,1,806K,
R5,0805,1,1K,
R6,0805,1,3.3K,
R7,0805,1,2M,
R8,0805,1,100K,
R9,0805,1,1M,C22935
"SW1, SW10, SW11, SW12, SW13, SW14, SW15, SW16, SW17, SW18, SW19, SW2, SW20, SW21, SW22, SW23, SW24, SW25, SW26, SW27, SW28, SW29, SW3, SW30, SW31, SW32, SW33, SW34, SW35, SW36, SW37, SW39, SW4, SW42, SW44, SW5, SW6, SW7, SW8, SW9",Switch_Mx_Hotswap_1u,40,MX,
"SW38, SW40, SW41, SW43",Switch_Mx_Hotswap_1.25u,4,MX,
SW45,MSK-12C02,1,SW_DPDT,
SWT1,SW_SPST_EVQP7C,1,SW_Push,
U1,Holyiot-18010-nRF52840,1,HOLYIOT-18010,
U2,SOT-23-5,1,MCP73831,
U3,SOT-23-5,1,XC6220-3.3V,
U4,SOT-23-6,1,USBLC6-2SC6,C558442
